# good products;# bad products;TP;FN;FP;TN;precision;recall;f1;accuracy
126;114;94;32;17;97;0.846846846847;0.746031746032;0.793248945148;0.795833333333
